id,task,item,user_version,candidate,url,benchmark_says,human,note
Q1,question,"In pandas 2.2, with a Series: Replace values where the condition is False",2.2,Series.where,https://pandas.pydata.org/pandas-docs/version/2.2.3/reference/api/pandas.Series.where.html,y,y,
Q2,question,"In pandas 1.5, with a DataFrame: Append rows of other to the end of caller, returning a new object",1.5,DataFrame.append,https://pandas.pydata.org/pandas-docs/version/1.5.3/reference/api/pandas.DataFrame.append.html,y,y,
Q3,question,"In pandas 1.5, with a Series: Return the mean of the values over the requested axis",1.5,Series.mean,https://pandas.pydata.org/pandas-docs/version/1.5.3/reference/api/pandas.Series.mean.html,y,y,
Q4,question,"In pandas 2.2, with a top-level function: Read general delimited file into DataFrame",2.2,pd.read_table,https://pandas.pydata.org/pandas-docs/version/2.2.3/reference/api/pandas.read_table.html,y,y,
Q5,question,"In pandas 2.2, with a Series: Lazily iterate over (index, value) tuples",2.2,Series.items | Series.iteritems,https://pandas.pydata.org/pandas-docs/version/2.2.3/reference/api/pandas.Series.items.html | https://pandas.pydata.org/pandas-docs/version/2.2.3/reference/api/pandas.Series.iteritems.html,n,n,
Q6,question,"In pandas 1.5, with a Series: Return the mean absolute deviation of the values over the requested axis",1.5,Series.mad,https://pandas.pydata.org/pandas-docs/version/1.5.3/reference/api/pandas.Series.mad.html,y,y,
Q7,question,"In pandas 1.5, with a Series: Attempt to infer better dtypes for object columns",1.5,Series.infer_objects,https://pandas.pydata.org/pandas-docs/version/1.5.3/reference/api/pandas.Series.infer_objects.html,y,y,
Q8,question,"In pandas 2.2, with a Series: Shift the time index, using the index's frequency if available",2.2,Series.tshift,https://pandas.pydata.org/pandas-docs/version/2.2.3/reference/api/pandas.Series.tshift.html,n,n,
Q9,question,"In pandas 1.5, with a top-level function: Load a feather-format object from the file path",1.5,pd.read_feather,https://pandas.pydata.org/pandas-docs/version/1.5.3/reference/api/pandas.read_feather.html,y,y,
Q10,question,"In pandas 1.5, with a Series: Return a new Series with missing values removed",1.5,Series.dropna,https://pandas.pydata.org/pandas-docs/version/1.5.3/reference/api/pandas.Series.dropna.html,y,y,
Q11,question,"In pandas 1.5, with a Series: Lazily iterate over (index, value) tuples",1.5,Series.iteritems,https://pandas.pydata.org/pandas-docs/version/1.5.3/reference/api/pandas.Series.iteritems.html,y,y,
Q12,question,"In pandas 1.5, with a DataFrame: Render object to a LaTeX tabular, longtable, or nested table",1.5,DataFrame.to_latex,https://pandas.pydata.org/pandas-docs/version/1.5.3/reference/api/pandas.DataFrame.to_latex.html,y,y,
Q13,question,"In pandas 2.2, with a DataFrame: Apply a function to a Dataframe elementwise",2.2,DataFrame.map,https://pandas.pydata.org/pandas-docs/version/2.2.3/reference/api/pandas.DataFrame.map.html,y,y,
Q14,question,"In pandas 2.2, with a DataFrame: Label-based ""fancy indexing"" function for DataFrame",2.2,DataFrame.lookup,https://pandas.pydata.org/pandas-docs/version/2.2.3/reference/api/pandas.DataFrame.lookup.html,n,n,
Q15,question,"In pandas 1.5, with a Series: Concatenate two or more Series",1.5,Series.append,https://pandas.pydata.org/pandas-docs/version/1.5.3/reference/api/pandas.Series.append.html,y,y,
Q16,question,"In pandas 2.2, with a DataFrame: Suffix labels with string suffix",2.2,DataFrame.add_suffix,https://pandas.pydata.org/pandas-docs/version/2.2.3/reference/api/pandas.DataFrame.add_suffix.html,y,y,
Q17,question,"In pandas 2.2, with a Series: Return unbiased variance over requested axis",2.2,Series.var,https://pandas.pydata.org/pandas-docs/version/2.2.3/reference/api/pandas.Series.var.html,y,y,
Q18,question,"In pandas 2.2, with a Series: Return the mean absolute deviation of the values over the requested axis",2.2,Series.mad,https://pandas.pydata.org/pandas-docs/version/2.2.3/reference/api/pandas.Series.mad.html,n,n,
Q19,question,"In pandas 1.5, with a top-level function: Load an SPSS file from the file path, returning a DataFrame",1.5,pd.read_spss,https://pandas.pydata.org/pandas-docs/version/1.5.3/reference/api/pandas.read_spss.html,y,y,
Q20,question,"In pandas 2.2, with a DataFrame: Replace values where the condition is False",2.2,DataFrame.where,https://pandas.pydata.org/pandas-docs/version/2.2.3/reference/api/pandas.DataFrame.where.html,y,y,
Q21,question,"In pandas 1.5, with a DataFrame: Trim values at input threshold(s)",1.5,DataFrame.clip,https://pandas.pydata.org/pandas-docs/version/1.5.3/reference/api/pandas.DataFrame.clip.html,y,y,
Q22,question,"In pandas 2.2, with a Series: Return the product of the values over the requested axis",2.2,Series.product,https://pandas.pydata.org/pandas-docs/version/2.2.3/reference/api/pandas.Series.product.html,y,y,
Q23,question,"In pandas 1.5, with a DataFrame: Return the mean absolute deviation of the values over the requested axis",1.5,DataFrame.mad,https://pandas.pydata.org/pandas-docs/version/1.5.3/reference/api/pandas.DataFrame.mad.html,y,y,
Q24,question,"In pandas 1.5, with a DataFrame: Count non-NA cells for each column or row",1.5,DataFrame.count,https://pandas.pydata.org/pandas-docs/version/1.5.3/reference/api/pandas.DataFrame.count.html,y,y,
Q25,question,"In pandas 1.5, with a DataFrame: Synonym for :meth:DataFrame.fillna with method='bfill'",1.5,DataFrame.bfill,https://pandas.pydata.org/pandas-docs/version/1.5.3/reference/api/pandas.DataFrame.bfill.html,y,y,
Q26,question,"In pandas 2.2, with a Series: Return Series with duplicate values removed",2.2,Series.drop_duplicates,https://pandas.pydata.org/pandas-docs/version/2.2.3/reference/api/pandas.Series.drop_duplicates.html,y,y,
Q27,question,"In pandas 2.2, with a Series: Return the median of the values over the requested axis",2.2,Series.median,https://pandas.pydata.org/pandas-docs/version/2.2.3/reference/api/pandas.Series.median.html,y,y,
Q28,question,"In pandas 1.5, with a top-level function: Read an Excel file into a pandas DataFrame",1.5,pd.read_excel,https://pandas.pydata.org/pandas-docs/version/1.5.3/reference/api/pandas.read_excel.html,y,y,
Q29,question,"In pandas 2.2, with a DataFrame: Return the mean absolute deviation of the values over the requested axis",2.2,DataFrame.mad,https://pandas.pydata.org/pandas-docs/version/2.2.3/reference/api/pandas.DataFrame.mad.html,n,n,
Q30,question,"In pandas 2.2, with a DataFrame: Shift the time index, using the index's frequency if available",2.2,DataFrame.tshift,https://pandas.pydata.org/pandas-docs/version/2.2.3/reference/api/pandas.DataFrame.tshift.html,n,n,
Q31,question,"In pandas 2.2, with a top-level function: Read SQL query or database table into a DataFrame",2.2,pd.read_sql,https://pandas.pydata.org/pandas-docs/version/2.2.3/reference/api/pandas.read_sql.html,y,y,
Q32,question,"In pandas 2.2, with a DataFrame: Convert the object to a JSON string",2.2,DataFrame.to_json,https://pandas.pydata.org/pandas-docs/version/2.2.3/reference/api/pandas.DataFrame.to_json.html,y,y,
Q33,question,"In pandas 1.5, with a Series: Unstack, also known as pivot, Series with MultiIndex to produce DataFrame",1.5,Series.unstack,https://pandas.pydata.org/pandas-docs/version/1.5.3/reference/api/pandas.Series.unstack.html,y,y,
Q34,question,"In pandas 2.2, with a DataFrame: Append rows of other to the end of caller, returning a new object",2.2,DataFrame.append,https://pandas.pydata.org/pandas-docs/version/2.2.3/reference/api/pandas.DataFrame.append.html,n,n,
Q35,question,"In pandas 1.5, with a DataFrame: Apply a function to a Dataframe elementwise",1.5,DataFrame.applymap | DataFrame.map,https://pandas.pydata.org/pandas-docs/version/1.5.3/reference/api/pandas.DataFrame.applymap.html | https://pandas.pydata.org/pandas-docs/version/1.5.3/reference/api/pandas.DataFrame.map.html,n,n,
Q36,question,"In pandas 1.5, with a DataFrame: Return unbiased kurtosis over requested axis",1.5,DataFrame.kurt,https://pandas.pydata.org/pandas-docs/version/1.5.3/reference/api/pandas.DataFrame.kurt.html,y,y,
Q37,question,"In pandas 1.5, with a Series: Return unbiased kurtosis over requested axis",1.5,Series.kurt,https://pandas.pydata.org/pandas-docs/version/1.5.3/reference/api/pandas.Series.kurt.html,y,y,
Q38,question,"In pandas 2.2, with a Series: Set the name of the axis for the index or columns",2.2,Series.rename_axis,https://pandas.pydata.org/pandas-docs/version/2.2.3/reference/api/pandas.Series.rename_axis.html,y,y,
Q39,question,"In pandas 1.5, with a top-level function: Read SQL query into a DataFrame",1.5,pd.read_sql_query,https://pandas.pydata.org/pandas-docs/version/1.5.3/reference/api/pandas.read_sql_query.html,y,y,
Q40,question,"In pandas 1.5, with a DataFrame: Group DataFrame using a mapper or by a Series of columns",1.5,DataFrame.groupby,https://pandas.pydata.org/pandas-docs/version/1.5.3/reference/api/pandas.DataFrame.groupby.html,y,y,
Q41,question,"In pandas 2.2, with a top-level function: Load a parquet object from the file path, returning a DataFrame",2.2,pd.read_parquet,https://pandas.pydata.org/pandas-docs/version/2.2.3/reference/api/pandas.read_parquet.html,y,y,
Q42,question,"In pandas 2.2, with a Series: Fill NA/NaN values by using the next valid observation to fill the gap",2.2,Series.bfill,https://pandas.pydata.org/pandas-docs/version/2.2.3/reference/api/pandas.Series.bfill.html,y,y,
Q43,question,"In pandas 1.5, with a DataFrame: Apply a function along an axis of the DataFrame",1.5,DataFrame.apply,https://pandas.pydata.org/pandas-docs/version/1.5.3/reference/api/pandas.DataFrame.apply.html,y,y,
Q44,question,"In pandas 2.2, with a Series: Fill NA/NaN values by propagating the last valid observation to next valid",2.2,Series.ffill,https://pandas.pydata.org/pandas-docs/version/2.2.3/reference/api/pandas.Series.ffill.html,y,y,
Q45,question,"In pandas 2.2, with a Series: Convert the object to a JSON string",2.2,Series.to_json,https://pandas.pydata.org/pandas-docs/version/2.2.3/reference/api/pandas.Series.to_json.html,y,y,
Q46,question,"In pandas 2.2, with a Series: Return the elements in the given *positional* indices along an axis",2.2,Series.take,https://pandas.pydata.org/pandas-docs/version/2.2.3/reference/api/pandas.Series.take.html,y,y,
Q47,question,"In pandas 1.5, with a DataFrame: Shift index by desired number of periods with an optional time freq",1.5,DataFrame.shift,https://pandas.pydata.org/pandas-docs/version/1.5.3/reference/api/pandas.DataFrame.shift.html,y,y,
Q48,question,"In pandas 1.5, with a DataFrame: Pivot a level of the (necessarily hierarchical) index labels",1.5,DataFrame.unstack,https://pandas.pydata.org/pandas-docs/version/1.5.3/reference/api/pandas.DataFrame.unstack.html,y,y,
Q49,question,"In pandas 1.5, with a Series: Equivalent to shift without copying data",1.5,Series.slice_shift,https://pandas.pydata.org/pandas-docs/version/1.5.3/reference/api/pandas.Series.slice_shift.html,y,y,
Q50,question,"In pandas 2.2, with a top-level function: Read a table of fixed-width formatted lines into DataFrame",2.2,pd.read_fwf,https://pandas.pydata.org/pandas-docs/version/2.2.3/reference/api/pandas.read_fwf.html,y,y,
V1,validity,DataFrame.to_feather,2.2,DataFrame.to_feather,https://pandas.pydata.org/pandas-docs/version/2.2.3/reference/api/pandas.DataFrame.to_feather.html,y,y,
V2,validity,pd.read_parquet,1.5,pd.read_parquet,https://pandas.pydata.org/pandas-docs/version/1.5.3/reference/api/pandas.read_parquet.html,y,y,
V3,validity,Series.factorize,1.5,Series.factorize,https://pandas.pydata.org/pandas-docs/version/1.5.3/reference/api/pandas.Series.factorize.html,y,y,
V4,validity,Series.isin,1.5,Series.isin,https://pandas.pydata.org/pandas-docs/version/1.5.3/reference/api/pandas.Series.isin.html,y,y,
V5,validity,Series.value_counts,2.2,Series.value_counts,https://pandas.pydata.org/pandas-docs/version/2.2.3/reference/api/pandas.Series.value_counts.html,y,y,
V6,validity,Series.append,2.2,Series.append,https://pandas.pydata.org/pandas-docs/version/2.2.3/reference/api/pandas.Series.append.html,n,n,
V7,validity,Series.case_when,1.5,Series.case_when,https://pandas.pydata.org/pandas-docs/version/1.5.3/reference/api/pandas.Series.case_when.html,n,n,
V8,validity,DataFrame.quantile,2.2,DataFrame.quantile,https://pandas.pydata.org/pandas-docs/version/2.2.3/reference/api/pandas.DataFrame.quantile.html,y,y,
V9,validity,DataFrame.slice_shift,2.2,DataFrame.slice_shift,https://pandas.pydata.org/pandas-docs/version/2.2.3/reference/api/pandas.DataFrame.slice_shift.html,n,n,
V10,validity,Series.rtruediv,2.2,Series.rtruediv,https://pandas.pydata.org/pandas-docs/version/2.2.3/reference/api/pandas.Series.rtruediv.html,y,y,
V11,validity,DataFrame.squeeze,2.2,DataFrame.squeeze,https://pandas.pydata.org/pandas-docs/version/2.2.3/reference/api/pandas.DataFrame.squeeze.html,y,y,
V12,validity,Series.truediv,2.2,Series.truediv,https://pandas.pydata.org/pandas-docs/version/2.2.3/reference/api/pandas.Series.truediv.html,y,y,
V13,validity,Series.divide,2.2,Series.divide,https://pandas.pydata.org/pandas-docs/version/2.2.3/reference/api/pandas.Series.divide.html,y,y,
V14,validity,DataFrame.map,1.5,DataFrame.map,https://pandas.pydata.org/pandas-docs/version/1.5.3/reference/api/pandas.DataFrame.map.html,n,n,
V15,validity,Series.combine,2.2,Series.combine,https://pandas.pydata.org/pandas-docs/version/2.2.3/reference/api/pandas.Series.combine.html,y,y,
V16,validity,DataFrame.shape,1.5,DataFrame.shape,https://pandas.pydata.org/pandas-docs/version/1.5.3/reference/api/pandas.DataFrame.shape.html,y,y,
V17,validity,Series.mad,2.2,Series.mad,https://pandas.pydata.org/pandas-docs/version/2.2.3/reference/api/pandas.Series.mad.html,n,n,
V18,validity,DataFrame.prod,1.5,DataFrame.prod,https://pandas.pydata.org/pandas-docs/version/1.5.3/reference/api/pandas.DataFrame.prod.html,y,y,
V19,validity,DataFrame.to_period,1.5,DataFrame.to_period,https://pandas.pydata.org/pandas-docs/version/1.5.3/reference/api/pandas.DataFrame.to_period.html,y,y,
V20,validity,DataFrame.append,2.2,DataFrame.append,https://pandas.pydata.org/pandas-docs/version/2.2.3/reference/api/pandas.DataFrame.append.html,n,n,
V21,validity,Series.transpose,1.5,Series.transpose,https://pandas.pydata.org/pandas-docs/version/1.5.3/reference/api/pandas.Series.transpose.html,y,y,
V22,validity,DataFrame.mad,2.2,DataFrame.mad,https://pandas.pydata.org/pandas-docs/version/2.2.3/reference/api/pandas.DataFrame.mad.html,n,n,
V23,validity,Series.keys,1.5,Series.keys,https://pandas.pydata.org/pandas-docs/version/1.5.3/reference/api/pandas.Series.keys.html,y,y,
V24,validity,DataFrame.set_index,2.2,DataFrame.set_index,https://pandas.pydata.org/pandas-docs/version/2.2.3/reference/api/pandas.DataFrame.set_index.html,y,y,
V25,validity,Series.is_monotonic,2.2,Series.is_monotonic,https://pandas.pydata.org/pandas-docs/version/2.2.3/reference/api/pandas.Series.is_monotonic.html,n,n,
V26,validity,DataFrame.iteritems,2.2,DataFrame.iteritems,https://pandas.pydata.org/pandas-docs/version/2.2.3/reference/api/pandas.DataFrame.iteritems.html,n,n,
V27,validity,DataFrame.last,1.5,DataFrame.last,https://pandas.pydata.org/pandas-docs/version/1.5.3/reference/api/pandas.DataFrame.last.html,y,y,
V28,validity,Series.tshift,2.2,Series.tshift,https://pandas.pydata.org/pandas-docs/version/2.2.3/reference/api/pandas.Series.tshift.html,n,n,
V29,validity,Series.between,1.5,Series.between,https://pandas.pydata.org/pandas-docs/version/1.5.3/reference/api/pandas.Series.between.html,y,y,
V30,validity,DataFrame.div,1.5,DataFrame.div,https://pandas.pydata.org/pandas-docs/version/1.5.3/reference/api/pandas.DataFrame.div.html,y,y,
